"Data Source","World Development Indicators",

"Last Updated Date","2019-03-21",

"Country Name","Country Code","Indicator Name","Indicator Code","1960","1961","1962","1963","1964","1965","1966","1967","1968","1969","1970","1971","1972","1973","1974","1975","1976","1977","1978","1979","1980","1981","1982","1983","1984","1985","1986","1987","1988","1989","1990","1991","1992","1993","1994","1995","1996","1997","1998","1999","2000","2001","2002","2003","2004","2005","2006","2007","2008","2009","2010","2011","2012","2013","2014","2015","2016","2017","2018",
"Aruba","ABW","Rail lines (total route-km)","IS.RRS.TOTL.KM","","","","","","","","","","","","","","","","","","","","","","","","","","","","","","","","","","","","","","","","","","","","","","","","","","","","","","","","","","","",
"Afghanistan","AFG","Rail lines (total route-km)","IS.RRS.TOTL.KM","","","","","","","","","","","","","","","","","","","","","","","","","","","","","","","","","","","","","","","","","","","","","","","","","","","","","","","","","","","",
"Angola","AGO","Rail lines (total route-km)","IS.RRS.TOTL.KM","","","","","","","","","","","","","","","","","","","","","","","","","","","","","","","","","","","","","","","","","","","","","","","","","","","","","","","","","","","",
"Albania","ALB","Rail lines (total route-km)","IS.RRS.TOTL.KM","","","","","","","","","","","","","","","","","","","","","610","","","","","672","","","","","","","674","674","674","674","","447","","","","447","447","447","447","447","423","423","423","423","423","423","423","423","","","","","",
"Andorra","AND","Rail lines (total route-km)","IS.RRS.TOTL.KM","","","","","","","","","","","","","","","","","","","","","","","","","","","","","","","","","","","","","","","","","","","","","","","","","","","","","","","","","","","",
"Arab World","ARB","Rail lines (total route-km)","IS.RRS.TOTL.KM","","","","","","","","","","","","","","","","","","","","","22707","22596","22808","23157","23455","25239","25445","25602","25953","25725","25071","24836","25125","23379","23379","23694","23434","23503","23585","23732","24000","24436","23874","24186","24864","25427","25122","25122","24371","24363","24362","26575","26180","26179.34","27334","25325.94","25325.94","","",
"United Arab Emirates","ARE","Rail lines (total route-km)","IS.RRS.TOTL.KM","","","","","","","","","","","","","","","","","","","","","","","","","","","","","","","","","","","","","","","","","","","","","","","","","","","","","","","","","","","",
"Argentina","ARG","Rail lines (total route-km)","IS.RRS.TOTL.KM","","","","","","","","","","","","","","","","","","","","","34192","34106","34029","34061","34057","34159","34140","34140","34059","34059","34059","34059","","","","","","","","","","","","","","35753","35753","35753","35753","25023","25023","25023","25023","25023","25023","28527","28527","","",
"Armenia","ARM","Rail lines (total route-km)","IS.RRS.TOTL.KM","","","","","","","","","","","","","","","","","","","","","845","845","845","845","845","845","845","845","845","845","845","845","845","845","845","845","845","845","845","845","842","711","711","711","711","732","","","845","","826","826","826","826","703.2","703.2","679.36","","",
"American Samoa","ASM","Rail lines (total route-km)","IS.RRS.TOTL.KM","","","","","","","","","","","","","","","","","","","","","","","","","","","","","","","","","","","","","","","","","","","","","","","","","","","","","","","","","","","",
"Antigua and Barbuda","ATG","Rail lines (total route-km)","IS.RRS.TOTL.KM","","","","","","","","","","","","","","","","","","","","","","","","","","","","","","","","","","","","","","","","","","","","","","","","","","","","","","","","","","","",
"Australia","AUS","Rail lines (total route-km)","IS.RRS.TOTL.KM","","","","","","","","","","","","","","","","","","","","","7592","7554","7638","7647","7450","7450","7450","7315","7196","7147","","","","","","","","9458","","","9499","9508","9514","9474","","9528","9639","9639","9661","9674","","","","","","","","","",
"Austria","AUT","Rail lines (total route-km)","IS.RRS.TOTL.KM","","","","","","","","","","","","","","","","","","","","","5857","5811","5777","5773","5762","5766","5745","5747","5630","5641","5624","5623","5605","5600","5636","5672","5672","5672","5643","5345","5780","5600","5647","5655","5359","5781","5818","5818","5755","5784","5066","5021","4985","4859","4865","4937","4917","","",
"Azerbaijan","AZE","Rail lines (total route-km)","IS.RRS.TOTL.KM","","","","","","","","","","","","","","","","","","","","","","","","","","","","","","","","","","","","","","","2117","2116","2116","2116","2122","","2122","2122","2122","","2099","2079","2079","2079","2068","2068.1","2066.4","2067.8","2074","","",
"Burundi","BDI","Rail lines (total route-km)","IS.RRS.TOTL.KM","","","","","","","","","","","","","","","","","","","","","","","","","","","","","","","","","","","","","","","","","","","","","","","","","","","","","","","","","","","",
"Belgium","BEL","Rail lines (total route-km)","IS.RRS.TOTL.KM","","","","","","","","","","","","","","","","","","","","","3978","3954","3928","3860","3776","3667","3618","3568","3554","3513","3479","3466","3432","3410","3396","3368","3380","3422","3410","3472","3471","3454","3518","3521","3536","3542","3560","3374","3513","3578","3578","3578","3575","3582","3631","3607","3602","","",
"Benin","BEN","Rail lines (total route-km)","IS.RRS.TOTL.KM","","","","","","","","","","","","","","","","","","","","","","","","","","","","","","","","","","","","","","","","","","","","","","","758","758","758","","","","","","","","","","",
"Burkina Faso","BFA","Rail lines (total route-km)","IS.RRS.TOTL.KM","","","","","","","","","","","","","","","","","","","","","","","","","","","","","","","","","","","","","","","","","","","","","","622","622","622","622","622","622","622","622","622","622","","","","",
"Bangladesh","BGD","Rail lines (total route-km)","IS.RRS.TOTL.KM","","","","","","","","","","","","","","","","","","","","","2874","","","2874","2892","2892","2818","2745.65","2745.65","2746","2745.65","2745.65","2745.65","2706.01","2706.01","2706.1","2706.1","2733.51","2733.51","2768","2768","2768","2765","2855","2855","2855","2855","2855","2835","2835","2835","2835","2835","2835","2835","","","","",
"Bulgaria","BGR","Rail lines (total route-km)","IS.RRS.TOTL.KM","","","","","","","","","","","","","","","","","","","","","4341","4267","4273","4278","4278","4297","4294","4300","4300","4300","4299","4299","4299","4300","4146","3979","3979","4292","4290","4290","4320","4320","4318","4318","4259","4163","4155","4027","4159","4150","4098","3947","4070","4032","4023","4019","4029","","",
"Bahrain","BHR","Rail lines (total route-km)","IS.RRS.TOTL.KM","","","","","","","","","","","","","","","","","","","","","","","","","","","","","","","","","","","","","","","","","","","","","","","","","","","","","","","","","","","",
"Bahamas, The","BHS","Rail lines (total route-km)","IS.RRS.TOTL.KM","","","","","","","","","","","","","","","","","","","","","","","","","","","","","","","","","","","","","","","","","","","","","","","","","","","","","","","","","","","",
"Bosnia and Herzegovina","BIH","Rail lines (total route-km)","IS.RRS.TOTL.KM","","","","","","","","","","","","","","","","","","","","","","","","","","","","","","","","","","","","","","","","","1032","1101","1101","1032","1001","1000","1024","1103","1016","1016","1026","1026","1027","1027.05","1027.05","1027.05","1018.05","","",
"Belarus","BLR","Rail lines (total route-km)","IS.RRS.TOTL.KM","","","","","","","","","","","","","","","","","","","","","5512","5446","5446","5443","5443","5540","5459","5463","5500","5500","5569","5567","5567","","5543","5543","","5542","","5523","5512","5509","5512","5502","5498","5498","5494","5494","5491","5510","5503","5482","5462","5469","5470","5469","5459","","",
"Belize","BLZ","Rail lines (total route-km)","IS.RRS.TOTL.KM","","","","","","","","","","","","","","","","","","","","","","","","","","","","","","","","","","","","","","","","","","","","","","","","","","","","","","","","","","","",
"Bermuda","BMU","Rail lines (total route-km)","IS.RRS.TOTL.KM","","","","","","","","","","","","","","","","","","","","","","","","","","","","","","","","","","","","","","","","","","","","","","","","","","","","","","","","","","","",
"Bolivia","BOL","Rail lines (total route-km)","IS.RRS.TOTL.KM","","","","","","","","","","","","","","","","","","","","","","","","","","","","","","","","","","","","","","","","","","","","","","","","","2866","2866","","","","","","","","","",
"Brazil","BRA","Rail lines (total route-km)","IS.RRS.TOTL.KM","","","","","","","","","","","","","","","","","","","","","5054","5052","5063","5072","5072","5072","5035","4899","4994","5123","4916","4915","4915","4933","4933","4651","4651","4183","","","","","","","","29314","29314","29487","29817","29817","29817","29817","29817","29817","29817","","","","",
"Barbados","BRB","Rail lines (total route-km)","IS.RRS.TOTL.KM","","","","","","","","","","","","","","","","","","","","","","","","","","","","","","","","","","","","","","","","","","","","","","","","","","","","","","","","","","","",
"Brunei Darussalam","BRN","Rail lines (total route-km)","IS.RRS.TOTL.KM","","","","","","","","","","","","","","","","","","","","","","","","","","","","","","","","","","","","","","","","","","","","","","","","","","","","","","","","","","","",
"Bhutan","BTN","Rail lines (total route-km)","IS.RRS.TOTL.KM","","","","","","","","","","","","","","","","","","","","","","","","","","","","","","","","","","","","","","","","","","","","","","","","","","","","","","","","","","","",
"Botswana","BWA","Rail lines (total route-km)","IS.RRS.TOTL.KM","","","","","","","","","","","","","","","","","","","","","","","","","","","","","","","","","","","","","","","","","","","","","","","","888","888","888","888","888","888","888","","","","","",
"Central African Republic","CAF","Rail lines (total route-km)","IS.RRS.TOTL.KM","","","","","","","","","","","","","","","","","","","","","","","","","","","","","","","","","","","","","","","","","","","","","","","","","","","","","","","","","","","",
"Canada","CAN","Rail lines (total route-km)","IS.RRS.TOTL.KM","","","","","","","","","","","","","","","","","","","","","","","52507","53605","51697","51745","50708","","","","","","","","","","","","","","","","","","","57671","57481","57042","57216","58345","58345","52002","52002","52002","52131","","","","",
"Central Europe and the Baltics","CEB","Rail lines (total route-km)","IS.RRS.TOTL.KM","","","","","","","","","","","","","","","","","","","","","59129.5","59063","59096.1","59077.2","59036","59113.7","59153.1","58764.6","58690.6","58973.9","58547.3","58738.4","56180.5","70654","69856.4","68978","67631.66","68170","68053","68557","68408","65573","65756","65141","64524","64728","64342","64119","64385","64177","64026","63804","63753","63069","62937","62853.9","62875.33","","",
"Switzerland","CHE","Rail lines (total route-km)","IS.RRS.TOTL.KM","","","","","","","","","","","","","","","","","","","","","2943","2952","2956","2961","2984","2986","2986","2990","2990","2994","2978","2982","2985","2983","2983","2987","2989","2939","2910","2902","2975","2959","2982","2990","3140","3252","3330","3619","3499","3544","3543","3574","3551","3591.96","4018.72","3976.32","","","",
"Channel Islands","CHI","Rail lines (total route-km)","IS.RRS.TOTL.KM","","","","","","","","","","","","","","","","","","","","","","","","","","","","","","","","","","","","","","","","","","","","","","","","","","","","","","","","","","","",
"Chile","CHL","Rail lines (total route-km)","IS.RRS.TOTL.KM","","","","","","","","","","","","","","","","","","","","","7763","7763","7763","7493","7335","7227","7280","6969","","","6916","","","","","","","","","","","6623","6328","6330","5992","","5898","5898","5898","5352","5352","5520","5529","5529","5529","","","","",
"China","CHN","Rail lines (total route-km)","IS.RRS.TOTL.KM","","","","","","","","","","","","","","","","","","","","","49940","50182","50591","51604","51604","52119","52487","52611","52767","53187","53378","53416","53566","53802","53992","54616","56000","57566","57584","57923","58656","59079","59530","60446","61015","62200","63412","63637","60809","65491","66239","66050","66298","66585","66989","67212","67092","","",
"Cote d'Ivoire","CIV","Rail lines (total route-km)","IS.RRS.TOTL.KM","","","","","","","","","","","","","","","","","","","","","1180","1182","1182","1182","1182","1182","1167","1167","","1155","709","650","651","651","651","639","","639","","","639","639","639","","","639","639","639","639","639","639","639","639","639","639","639","","","",
"Cameroon","CMR","Rail lines (total route-km)","IS.RRS.TOTL.KM","","","","","","","","","","","","","","","","","","","","","1143","1143","1143","1115","1115","1115","1115","1104","1104","1104","1104","1104","1106","1006","1006","1006","1006","1006","1006","1006","1006","1016","1016","1016","1016","974","982","974","977","977","977","977","977","976.5","976","","","","",
"Congo, Dem. Rep.","COD","Rail lines (total route-km)","IS.RRS.TOTL.KM","","","","","","","","","","","","","","","","","","","","","4511","4511","4511","4511","4511","4511","4511","4511","4511","4511","4511","","","","","4752","4752","4752","4752","4752","","","","","","3641","3641","3641","4007","3641","3641","3641","3641","3641","3641","3641","3641","","",
"Congo, Rep.","COG","Rail lines (total route-km)","IS.RRS.TOTL.KM","","","","","","","","","","","","","","","","","","","","","519","519","519","519","518.5","518.5","609.5","609.5","609.5","609.5","","510","510","600","706","609","","","","","900","900","1026","","795","795","795","795","795","","","","","","","","","","",
"Colombia","COL","Rail lines (total route-km)","IS.RRS.TOTL.KM","","","","","","","","","","","","","","","","","","","","","2822","2822","2710","2680","2622","2622","2616","2616","","","2532","","","","1915","1800","","","","","","","","","","2137","2137","","1663","1672","","","","","","","","","",
"Comoros","COM","Rail lines (total route-km)","IS.RRS.TOTL.KM","","","","","","","","","","","","","","","","","","","","","","","","","","","","","","","","","","","","","","","","","","","","","","","","","","","","","","","","","","","",
"Cabo Verde","CPV","Rail lines (total route-km)","IS.RRS.TOTL.KM","","","","","","","","","","","","","","","","","","","","","","","","","","","","","","","","","","","","","","","","","","","","","","","","","","","","","","","","","","","",
"Costa Rica","CRI","Rail lines (total route-km)","IS.RRS.TOTL.KM","","","","","","","","","","","","","","","","","","","","","568","568","568","568","568","568","568","480","","","","412","","","","","424","","","","","","","","","","","","","","","","","","","","","","",
"Caribbean small states","CSS","Rail lines (total route-km)","IS.RRS.TOTL.KM","","","","","","","","","","","","","","","","","","","","","","","","","","","","","","","","","","","","","","","","","","","","","","","","","","","","","","","","","","","",
"Cuba","CUB","Rail lines (total route-km)","IS.RRS.TOTL.KM","","","","","","","","","","","","","","","","","","","","","4382","","","","4226","","4161","","","4807","","","","","","","4667","","4667","","","","","","","","","","5076","5076","","","","","","","","","",
"Curacao","CUW","Rail lines (total route-km)","IS.RRS.TOTL.KM","","","","","","","","","","","","","","","","","","","","","","","","","","","","","","","","","","","","","","","","","","","","","","","","","","","","","","","","","","","",
"Cayman Islands","CYM","Rail lines (total route-km)","IS.RRS.TOTL.KM","","","","","","","","","","","","","","","","","","","","","","","","","","","","","","","","","","","","","","","","","","","","","","","","","","","","","","","","","","","",
"Cyprus","CYP","Rail lines (total route-km)","IS.RRS.TOTL.KM","","","","","","","","","","","","","","","","","","","","","","","","","","","","","","","","","","","","","","","","","","","","","","","","","","","","","","","","","","","",
"Czech Republic","CZE","Rail lines (total route-km)","IS.RRS.TOTL.KM","","","","","","","","","","","","","","","","","","","","","","","","","","","","","","","","","","9441","9413","9430","9435","9430","9430","9365","9365","9444","9499","9501","9489","9513","9491","9491","9487","9539","9569","9470","9469","9459.03","9457.61","9466.89","9462.69","","",
"Germany","DEU","Rail lines (total route-km)","IS.RRS.TOTL.KM","","","","","","","","","","","","","","","","","","","","","","","","","","","","","","","","","","","41401","41718","40826","38450","38127","37477","36652","35986","35804","36044","34715","34228","34128","33897","33862","33706","33708","33576","33509","33449","33426","33331","33380","","",
"Djibouti","DJI","Rail lines (total route-km)","IS.RRS.TOTL.KM","","","","","","","","","","","","","","","","","","","","","","","","","","","","","","","","","","","","","","","","","","","","","","781","","","","","","","","","","","","","",
"Dominica","DMA","Rail lines (total route-km)","IS.RRS.TOTL.KM","","","","","","","","","","","","","","","","","","","","","","","","","","","","","","","","","","","","","","","","","","","","","","","","","","","","","","","","","","","",
"Denmark","DNK","Rail lines (total route-km)","IS.RRS.TOTL.KM","","","","","","","","","","","","","","","","","","","","","2015","2015","2015","2448","2448","2471","2471","2476","2476","2344","2344","2344","2306","2311","2349","2349","2349","2232","2264","2324","2047","2047","2273","2273","2212","2212","2011","2133","2133","2131","2131","2131","2131","2131","2131","","","","",
"Dominican Republic","DOM","Rail lines (total route-km)","IS.RRS.TOTL.KM","","","","","","","","","","","","","","","","","","","","","","","","","","","","","","","","","","","","","","","","","","","","","","","","","","","","","","","","","","","",
"Algeria","DZA","Rail lines (total route-km)","IS.RRS.TOTL.KM","","","","","","","","","","","","","","","","","","","","","3907","3761","3761","3761","3841","3841","3841","3841","4135","3836","4293","4047","4290","3945","3945","4290","3973","3973","3973","3973","3793","","","","3572","3572","3572","3572","3572","","","4691","4691","4691.14","3799.94","3799.94","","","",
"East Asia & Pacific (excluding high income)","EAP","Rail lines (total route-km)","IS.RRS.TOTL.KM","","","","","","","","","","","","","","","","","","","","","70564.7","70806.7","71215.7","72257.7","72257.7","72823.7","73184.7","73480.7","73726.7","74056.7","74531.635483871","73103.635483871","73262.635483871","73498.635483871","73737.635483871","74509.635483871","75893.635483871","77624.635483871","77668.935483871","78007.935483871","78774.935483871","79152.935483871","79318.935483871","80372.935483871","80889.935483871","82182.935483871","83404.935483871","83629.935483871","81172.935483871","85534.935483871","86282.935483871","86677.935483871","87188.935483871","87188.935483871","87879.935483871","88933.935483871","87974.935483871","","",
"Early-demographic dividend","EAR","Rail lines (total route-km)","IS.RRS.TOTL.KM","","","","","","","","","","","","","","","","","","","","","194942","194607","196113","196665","197404","199163","199154.5","199073.15","199293.02","201837.37","204294.618483871","206316.555483871","207328.555483871","206648.915483871","207364.715483871","206250.905483871","211588.055483871","212232.445483871","213347.445483871","212732.275483871","215546.935483871","216331.935483871","216099.935483871","213918.935483871","214410.935483871","218053.935483871","217446.935483871","222465.935483871","222469.935483871","209572.935483871","211232.935483871","212099.935483871","212033.935483871","212183.275483871","213707.935483871","215126.725483871","215271.985483871","","",
"East Asia & Pacific","EAS","Rail lines (total route-km)","IS.RRS.TOTL.KM","","","","","","","","","","","","","","","","","","","","","109099.7","109605.7","110857.7","111752.7","111294.7","111555.7","111021.7","110393.7","110357.7","109798.7","110146.635483871","108600.635483871","108762.635483871","109002.635483871","109247.635483871","109898.635483871","111281.635483871","115382.635483871","115428.935483871","115767.935483871","116568.935483871","116948.935483871","117064.935483871","118060.935483871","118559.935483871","120205.935483871","121491.935483871","121723.935483871","119687.935483871","124044.935483871","124725.935483871","125473.935483871","126014.935483871","125989.235483871","127033.935483871","124578.835483871","122156.335483871","","",
"Europe & Central Asia (excluding high income)","ECA","Rail lines (total route-km)","IS.RRS.TOTL.KM","","","","","","","","","","","","","","","","","","","","","160437.2","160258.2","160255.2","160273.2","160252.2","161922.2","161833.2","161920.2","162154.2","162642.2","169210.2","171789.6","173450.2","172588","172659","172376","172426.842105263","171711","171176","171043","170827","170284","170391","170101","169492","170169","170247","169028","169425","170400","171384","171109","170321","170129.6","171414","171122.38","172585.21","","",
"Europe & Central Asia","ECS","Rail lines (total route-km)","IS.RRS.TOTL.KM","","","","","","","","","","","","","","","","","","","","","333254.7","332951.2","333823.3","334028.4","333325.2","333470.9","332770.3","332171.8","331835.8","331564.1","377840.5","380876","377896.7","391796","390022.4","389472","387044.502105263","384223","383051","383953","383461","376215","376592","376660","373574","375805","379704","374677","376106","380800","397564","382492","376486","376377.6","375844","375241.46","377384.22","","",
"Ecuador","ECU","Rail lines (total route-km)","IS.RRS.TOTL.KM","","","","","","","","","","","","","","","","","","","","","","","","","","","","","","","","","","","","","","","","","","","","","","","","","","","","","","","","","","","",
"Egypt, Arab Rep.","EGY","Rail lines (total route-km)","IS.RRS.TOTL.KM","","","","","","","","","","","","","","","","","","","","","4437","4437","4437","4437","4437","5763","5870","","","","4751","4751","","4570","","4810","4907","4976","5018","5026","5024","5125","5150","","5150","5150","5195","5195","5063","5195","5195","5195","5195","5195","5195","5153","5153","","",
"Euro area","EMU","Rail lines (total route-km)","IS.RRS.TOTL.KM","","","","","","","","","","","","","","","","","","","","","97515","97642","98113","98044","97830","96786","96307","96138","95823","95169","136278","135676","134870","138257","137716","137907","136400","134161","133530","133977","134810","130500","130173","130818","129111","130222","130576","130189","131006","134673","135078","135279","130277","131230","131168","129368.77","130312.2","","",
"Eritrea","ERI","Rail lines (total route-km)","IS.RRS.TOTL.KM","","","","","","","","","","","","","","","","","","","","","","","","","","","","","","","","","","","","","","","","","","","","","","","","","","","","","","","","","","","",
"Spain","ESP","Rail lines (total route-km)","IS.RRS.TOTL.KM","","","","","","","","","","","","","","","","","","","","","13450","13543","13572","13572","13575","12710","12721","12686","12550","12565","12560","12570","","12601","12646","12280","12284","12294","12303","14059","13866","13868","13856","14387","14395","14484","14635","14832","15046","15043","15317","15680","15665","15582","15453","15711","15650","","",
"Estonia","EST","Rail lines (total route-km)","IS.RRS.TOTL.KM","","","","","","","","","","","","","","","","","","","","","993","1010","1010","1010","1010","1019","1019","1019","1019","1026","1026","1026","1018","1024","1024","1021","1020","1000","","968","968","967","967","959","959","959","801","962","816","929","787","792","792","792","1018","1016","1229","","",
"Ethiopia","ETH","Rail lines (total route-km)","IS.RRS.TOTL.KM","","","","","","","","","","","","","","","","","","","","","781","781","781","781","781","781","781","781","781","781","781","781","","","","","","","","","","","","","","","","","","","","","","","","","","","",
"European Union","EUU","Rail lines (total route-km)","IS.RRS.TOTL.KM","","","","","","","","","","","","","","","","","","","","","181238.5","181014","181923.1","182093.2","181449","179964.7","179379.1","178749.6","178202.6","177483.9","217212.3","217681.4","213103.5","227818","225813.4","225377","222896.66","221158","220532","221575","221256","214569","214814","214877","211958","213241","217020","212616","214011","217668","233397","218379","213307","213398","211462","210722.76","211408.69","","",
"Fragile and conflict affected situations","FCS","Rail lines (total route-km)","IS.RRS.TOTL.KM","","","","","","","","","","","","","","","","","","","","","25511","25523","25585","25645","25651.5","26109.5","25633.5","25663.5","25719.5","25761.5","25486.435483871","25338.935483871","25349.935483871","24556.935483871","24662.935483871","24605.935483871","24605.935483871","24692.935483871","24692.935483871","24692.935483871","25238.935483871","25238.935483871","25342.935483871","25342.935483871","26011.935483871","25831.935483871","25172.935483871","25172.935483871","24738.935483871","24295.935483871","24295.935483871","24608.935483871","24213.935483871","24213.935483871","24213.935483871","24213.935483871","24213.935483871","","",
"Finland","FIN","Rail lines (total route-km)","IS.RRS.TOTL.KM","","","","","","","","","","","","","","","","","","","","","6075","6092","6090","6000","5998","5900","5899","5900","5884","5884","5867","5874","5874","5885","5880","5880","5859","5865","5867","5836","5854","5850","5850","5851","5741","5732","5905","5899","5919","5919","5919","5944","5944","5944","5944","5923","5926","","",
"Fiji","FJI","Rail lines (total route-km)","IS.RRS.TOTL.KM","","","","","","","","","","","","","","","","","","","","","","","","","","","","","","","","","","","","","","","","","","","","","","","","","","","","","","","","","","","",
"France","FRA","Rail lines (total route-km)","IS.RRS.TOTL.KM","","","","","","","","","","","","","","","","","","","","","34362","34384","34595","34710","34688","34676","34639","34646","34563","34322","34070","33446","32731","32579","32275","31939","31700","31754","31727","31423","32515","29445","29352","29269","29246","29286","29547","29488","29901","33778","33608","34621","30013","30013","30013","","","","",
"Faroe Islands","FRO","Rail lines (total route-km)","IS.RRS.TOTL.KM","","","","","","","","","","","","","","","","","","","","","","","","","","","","","","","","","","","","","","","","","","","","","","","","","","","","","","","","","","","",
"Micronesia, Fed. Sts.","FSM","Rail lines (total route-km)","IS.RRS.TOTL.KM","","","","","","","","","","","","","","","","","","","","","","","","","","","","","","","","","","","","","","","","","","","","","","","","","","","","","","","","","","","",
"Gabon","GAB","Rail lines (total route-km)","IS.RRS.TOTL.KM","","","","","","","","","","","","","","","","","","","","","341","341","341","341","341","341","648","648","650","684","683","683","683","683","683","683","814","814","","814","814","731","","731","731","810","810","810","810","810","810","810","810","810","810","810","810","","",
"United Kingdom","GBR","Rail lines (total route-km)","IS.RRS.TOTL.KM","","","","","","","","","","","","","","","","","","","","","17645","17431","17431","17230","16964","16803","16729","16670","16630","16599","16588","16584","16528","16536","16536","16666","16666","16656","16659","16649","15991","16652","16652","","16116","16208","19966","16208","16321","16173","","16408","16423","15857","16530.1","16241.1","","","",
"Georgia","GEO","Rail lines (total route-km)","IS.RRS.TOTL.KM","","","","","","","","","","","","","","","","","","","","","","","","","","1465","","","","","1583","","1583","1583","","1575","1575","1575","1575","1575","1562","1565","1565","1575","1575","","","1513","1513","1566","1566","1566","","1453.4","1453.4","1491","1415","","",
"Ghana","GHA","Rail lines (total route-km)","IS.RRS.TOTL.KM","","","","","","","","","","","","","","","","","","","","","950","950","950","950","950","950","950","950","","","953","","","","","","","","","","953","","","977","977","","","","953","","","","","","","","","","",
"Gibraltar","GIB","Rail lines (total route-km)","IS.RRS.TOTL.KM","","","","","","","","","","","","","","","","","","","","","","","","","","","","","","","","","","","","","","","","","","","","","","","","","","","","","","","","","","","",
"Guinea","GIN","Rail lines (total route-km)","IS.RRS.TOTL.KM","","","","","","","","","","","","","","","","","","","","","","","","","","","","","","","","","","","","","","","","","","","","","","","","","","","","","","","","","","","",
"Gambia, The","GMB","Rail lines (total route-km)","IS.RRS.TOTL.KM","","","","","","","","","","","","","","","","","","","","","","","","","","","","","","","","","","","","","","","","","","","","","","","","","","","","","","","","","","","",
"Guinea-Bissau","GNB","Rail lines (total route-km)","IS.RRS.TOTL.KM","","","","","","","","","","","","","","","","","","","","","","","","","","","","","","","","","","","","","","","","","","","","","","","","","","","","","","","","","","","",
"Equatorial Guinea","GNQ","Rail lines (total route-km)","IS.RRS.TOTL.KM","","","","","","","","","","","","","","","","","","","","","","","","","","","","","","","","","","","","","","","","","","","","","","","","","","","","","","","","","","","",
"Greece","GRC","Rail lines (total route-km)","IS.RRS.TOTL.KM","","","","","","","","","","","","","","","","","","","","","2461","2461","2461","2461","2461","2461","2461","2479","2479","2479","2484","2484","2484","2497","2497","2850","2474","2503","2299","2299","2299","2377","2383","2414","2449","2576","2509","2551","2552","","2552","2554","2554","2265","2238","2240","2240","","",
"Grenada","GRD","Rail lines (total route-km)","IS.RRS.TOTL.KM","","","","","","","","","","","","","","","","","","","","","","","","","","","","","","","","","","","","","","","","","","","","","","","","","","","","","","","","","","","",
"Greenland","GRL","Rail lines (total route-km)","IS.RRS.TOTL.KM","","","","","","","","","","","","","","","","","","","","","","","","","","","","","","","","","","","","","","","","","","","","","","","","","","","","","","","","","","","",
"Guatemala","GTM","Rail lines (total route-km)","IS.RRS.TOTL.KM","","","","","","","","","","","","","","","","","","","","","","","","","","","","","","","","","","","","","","","","","","","","","","","","","","","","","","","","","","","",
"Guam","GUM","Rail lines (total route-km)","IS.RRS.TOTL.KM","","","","","","","","","","","","","","","","","","","","","","","","","","","","","","","","","","","","","","","","","","","","","","","","","","","","","","","","","","","",
"Guyana","GUY","Rail lines (total route-km)","IS.RRS.TOTL.KM","","","","","","","","","","","","","","","","","","","","","","","","","","","","","","","","","","","","","","","","","","","","","","","","","","","","","","","","","","","",
"High income","HIC","Rail lines (total route-km)","IS.RRS.TOTL.KM","","","","","","","","","","","","","","","","","","","","","576051.435483871","571854.387096774","568581.1","564528.941935484","555246.064516129","543392.925806452","531690.938709677","517115.664516129","508659.470967742","501657.54516129","533656.364516129","528942.851612903","518559.887096774","529084.138709677","525505.635483871","523408.65483871","523482.177296862","518004.32689211","514860.47020934","514059.721417069","513467","504664.297906602","507465.703703704","506471.00805153","503815.00805153","507092.00805153","578791","574123","576139","568853","586903","566426","561247","561378.3","560083","556347.33","555626.52","","",
"Hong Kong SAR, China","HKG","Rail lines (total route-km)","IS.RRS.TOTL.KM","","","","","","","","","","","","","","","","","","","","","","","","","","","","","","","","","","","","","","","","","","","","","","","","","","","","","","","","","","","",
"Honduras","HND","Rail lines (total route-km)","IS.RRS.TOTL.KM","","","","","","","","","","","","","","","","","","","","","","","","","","","","","","","","","","","","","","","","","","","","","","","","","","","","","","","","","","","",
"Heavily indebted poor countries (HIPC)","HPC","Rail lines (total route-km)","IS.RRS.TOTL.KM","","","","","","","","","","","","","","","","","","","","","32013","32015","32015","31987","32149.5","32149.5","32203.5","32062.5","32059.5","32047.5","31624.5","31491","31494","31482","31590","31547","31468","31555","31555","31671.5","30983","30991","31095","31119","31788","30635","30643","30635","30224","29788","29788","29988","29593","29592.5","29592","29592","29592","","",
"Croatia","HRV","Rail lines (total route-km)","IS.RRS.TOTL.KM","","","","","","","","","","","","","","","","","","","","","2437","2437","2437","2437","2437","2441","2441","2441","2441","2444","2429","2911","2699","","","2296","2480.66","2726","2726","2726","2727","2727","2726","2726","2726","2726","2722","2722","2722","2723","2722","2722","2722","2722","2604","2604","2605","","",
"Haiti","HTI","Rail lines (total route-km)","IS.RRS.TOTL.KM","","","","","","","","","","","","","","","","","","","","","","","","","","","","","","","","","","","","","","","","","","","","","","","","","","","","","","","","","","","",
"Hungary","HUN","Rail lines (total route-km)","IS.RRS.TOTL.KM","","","","","","","","","","","","","","","","","","","","","7613.5","7617","7611.1","7612.2","7616","7616.7","7616.1","7618.6","7613.6","7618.9","7617.3","7684.4","7726.5","7607","7606.4","7606","7768","7768","7768","7768","8004","7516","7729","7730","7730","7950","7932","7960","7942","7793","7893","7906","7877","7894.8","7894.8","7896","7748.7","","",
"IBRD only","IBD","Rail lines (total route-km)","IS.RRS.TOTL.KM","","","","","","","","","","","","","","","","","","","","","437002.9","436779.9","438601.9","439575.9","439786.9","443227.9","444086.4","443455.4","444105.4","447395.4","453595.063","449491.4","448458","449285.1","448986.9","447066","453229.222105263","454453.7","455095","455278.34","458389","455695","454624","452434","451997","482624","483932","487545","485296","477318","479685","481239","480929","480079.94","484705","483233.82","483608.15","","",
"IDA & IBRD total","IBT","Rail lines (total route-km)","IS.RRS.TOTL.KM","","","","","","","","","","","","","","","","","","","","","494655.9","494444.9","496343.9","497349.9","497731.4","501633.7","501942.2","501289.85","501993.42","505306.77","511234.018483871","512185.855483871","511278.455483871","511170.915483871","511655.715483871","510194.905483871","511738.257589134","516472.145483871","513608.445483871","513942.775483871","520066.935483871","513823.935483871","516841.935483871","514765.935483871","514997.935483871","544643.935483871","545379.935483871","548975.935483871","546442.935483871","538033.935483871","540402.935483871","542191.935483871","541420.935483871","540571.375483871","545195.935483871","545203.755483871","545644.085483871","","",
"IDA total","IDA","Rail lines (total route-km)","IS.RRS.TOTL.KM","","","","","","","","","","","","","","","","","","","","","57653","57665","57742","57774","57944.5","58405.8","57855.8","57834.45","57888.02","57911.37","57638.955483871","62694.455483871","62820.455483871","61885.815483871","62668.815483871","63128.905483871","58509.035483871","62018.445483871","58513.445483871","58664.435483871","61677.935483871","58128.935483871","62217.935483871","62331.935483871","63000.935483871","62019.935483871","61447.935483871","61430.935483871","61146.935483871","60715.935483871","60717.935483871","60952.935483871","60491.935483871","60491.435483871","60490.935483871","61969.935483871","62035.935483871","","",
"IDA blend","IDB","Rail lines (total route-km)","IS.RRS.TOTL.KM","","","","","","","","","","","","","","","","","","","","","21183","21183","21198","21170","21152.5","21155.8","20611.8","20762.8","20763.37","20744.37","20744.37","25405.87","24904.87","24894.87","25675.87","26081.87","21541","24936","21431","21431","25177","21630","25742","25742","25511","24663","24750","24733","24787","24792","24789","24824","24758","24757.5","24757","26253","26319","","",
"Indonesia","IDN","Rail lines (total route-km)","IS.RRS.TOTL.KM","","","","","","","","","","","","","","","","","","","","","6458","6458","6458","6458","6458","6458","6458","6458","","","","4992","4992","4992","5041","5041","5041","5324","5324","","","","","","","","","","","","","4684","4684","4684","4684","","","","",
"IDA only","IDX","Rail lines (total route-km)","IS.RRS.TOTL.KM","","","","","","","","","","","","","","","","","","","","","36470","36482","36544","36604","36792","37250","37244","37071.65","37124.65","37167","36894.585483871","37288.585483871","37915.585483871","36990.945483871","36992.945483871","37047.035483871","36968.035483871","37082.445483871","37082.445483871","37233.435483871","36500.935483871","36498.935483871","36475.935483871","36589.935483871","37489.935483871","37356.935483871","36697.935483871","36697.935483871","36359.935483871","35923.935483871","35928.935483871","36128.935483871","35733.935483871","35733.935483871","35733.935483871","35716.935483871","35716.935483871","","",
"Isle of Man","IMN","Rail lines (total route-km)","IS.RRS.TOTL.KM","","","","","","","","","","","","","","","","","","","","","","","","","","","","","","","","","","","","","","","","","","","","","","","","","","","","","","","","","","","",
"India","IND","Rail lines (total route-km)","IS.RRS.TOTL.KM","","","","","","","","","","","","","","","","","","","","","61240","61230","61385","61460","61850","61836","61813","61976","61985","62211","62367","62458","62486","62462","62461","62660","62725","62725","63506","62759.34","62759","63028","63140","63122","63200","63465","63332","63327","63327","63273","63974","64460","64460","65436","65808","66030","","","",
"Not classified","INX","Rail lines (total route-km)","IS.RRS.TOTL.KM","","","","","","","","","","","","","","","","","","","","","","","","","","","","","","","","","","","","","","","","","","","","","","","","","","","","","","","","","","","",
"Ireland","IRL","Rail lines (total route-km)","IS.RRS.TOTL.KM","","","","","","","","","","","","","","","","","","","","","1987","1987","1987","1987","1944","1944","1944","1944","1944","1944","1944","1944","1944","1947","1947","1954","1945","1945","1945","1909","1915","1919","1919","1919","1919","1919","1919","1919","1919","1919","1919","1919","1919","1894","1919","1458","2124","","",
"Iran, Islamic Rep.","IRN","Rail lines (total route-km)","IS.RRS.TOTL.KM","","","","","","","","","","","","","","","","","","","","","4567","4567","4567","4567","4567","4567","4567","4568","4569","4569","4847","4847","4847","5022","5226","5332","5612","5995","6264","6398","6688","","6151","6152","6405","7131","7265","7265","7335","7555","","8368","8368","8592.5","8559.5","8559.5","8576","","",
"Iraq","IRQ","Rail lines (total route-km)","IS.RRS.TOTL.KM","","","","","","","","","","","","","","","","","","","","","","","","","","","","","","","","","","","","","","","","","","","","","","","1898","1898","2032","2025","2025","2138","2138","2138","2138","","","","",
"Iceland","ISL","Rail lines (total route-km)","IS.RRS.TOTL.KM","","","","","","","","","","","","","","","","","","","","","","","","","","","","","","","","","","","","","","","","","","","","","","","","","","","","","","","","","","","",
"Israel","ISR","Rail lines (total route-km)","IS.RRS.TOTL.KM","","","","","","","","","","","","","","","","","","","","","","827","851","859","859","859","865","869","869","","574","574","573","573","596","610","","610","","","","676","676","","853","899","905","958","1005","1005","1034","1079","1079","1153","1194","1277.35","1340.11","","",
"Italy","ITA","Rail lines (total route-km)","IS.RRS.TOTL.KM","","","","","","","","","","","","","","","","","","","","","16138","16162","16473","16475","16420","16485","16068","15983","16015","16030","16086","16066","16112","15942","16002","16003","16014","16031","16080","16108","16499","16035","15985","15965","15916","16751","16833","16668","16862","16959","18011","17045","17060","16751.6","16722.6","16723.8","16788.3","","",
"Jamaica","JAM","Rail lines (total route-km)","IS.RRS.TOTL.KM","","","","","","","","","","","","","","","","","","","","","","","","","","","","","","","","","","","","","","","","","","","","","","","","","","","","","","","","","","","",
"Jordan","JOR","Rail lines (total route-km)","IS.RRS.TOTL.KM","","","","","","","","","","","","","","","","","","","","","270","270","291","293","293","293","293","292","292","292","292","292","293","293","293","293","293","293","293","292","292","292","292","","291","293","293","293","251","294","294","509","509","508.2","509","","","","",
"Japan","JPN","Rail lines (total route-km)","IS.RRS.TOTL.KM","","","","","","","","","","","","","","","","","","","","","22236","22597","23371","23305","23103","22801","21961","21209","20934","20341","20254","20252","20254","20252","20255","20134","","20175","","","20165","20158","20096","20067","20060","20096","20050","20050","20048","20036","20035","20140","20140","19435.5","16703.2","16704.4","15108.4","","",
"Kazakhstan","KAZ","Rail lines (total route-km)","IS.RRS.TOTL.KM","","","","","","","","","","","","","","","","","","","","","","","","","","","","","","","14465.2","14455.6","14405.2","13528","","","","13660","","","13545","","13597","13770","13770","14204","14205","14205","14205","14205","14202","14184","14319","14767.1","14767.1","14767.1","15529.8","","",
"Kenya","KEN","Rail lines (total route-km)","IS.RRS.TOTL.KM","","","","","","","","","","","","","","","","","","","","","2101","2101","2101","2101","2084","2084.3","2084.3","2084.3","2084","2065","2065","2065","2065","2065","2740","2740","2740","2740","2740","2740","2634","2634","2634","","2634","1917","1917","","","","","","","","","","","","",
"Kyrgyz Republic","KGZ","Rail lines (total route-km)","IS.RRS.TOTL.KM","","","","","","","","","","","","","","","","","","","","","","","","","","","","","","","","","","","","","","","","","","","","","","","417","417","417","417","417","417","417","417","417","424","424","","",
"Cambodia","KHM","Rail lines (total route-km)","IS.RRS.TOTL.KM","","","","","","","","","","","","","","","","","","","","","","","","","","","","","","","600","600","600","600","600","600","600","600","600","600","601","","603","","603","650","","","","","","","","","","","","","",
"Kiribati","KIR","Rail lines (total route-km)","IS.RRS.TOTL.KM","","","","","","","","","","","","","","","","","","","","","","","","","","","","","","","","","","","","","","","","","","","","","","","","","","","","","","","","","","","",
"St. Kitts and Nevis","KNA","Rail lines (total route-km)","IS.RRS.TOTL.KM","","","","","","","","","","","","","","","","","","","","","","","","","","","","","","","","","","","","","","","","","","","","","","","","","","","","","","","","","","","",
"Korea, Rep.","KOR","Rail lines (total route-km)","IS.RRS.TOTL.KM","","","","","","","","","","","","","","","","","","","","","3135","3121","3121","3117","3117","3114","3113","3130","3150","3131","3091","3091","3092","3098","3101","3101","3100","3118","3120","","3123","3123","3129","3140","3129","3392","3392","3399","3381","3378","3379","3637","3650","3650","3668.3","3944","4071","","",
"Kuwait","KWT","Rail lines (total route-km)","IS.RRS.TOTL.KM","","","","","","","","","","","","","","","","","","","","","","","","","","","","","","","","","","","","","","","","","","","","","","","","","","","","","","","","","","","",
"Latin America & Caribbean (excluding high income)","LAC","Rail lines (total route-km)","IS.RRS.TOTL.KM","","","","","","","","","","","","","","","","","","","","","32201","32098","33355","33332","33124","32958","33097.5","32873.5","33010.5","38311.5","37959.1","37863.1","37964.1","38002.1","37415.9","37229","43108.02","42640","42640","42640","42580","42580","42580","42580","42580","68583","68583","68756","68879","68915","68915","68824","68824","68824","68915","68915","68915","","",
"Lao PDR","LAO","Rail lines (total route-km)","IS.RRS.TOTL.KM","","","","","","","","","","","","","","","","","","","","","","","","","","","","","","","","","","","","","","","","","","","","","","","","","","","","","","","","","","","",
"Lebanon","LBN","Rail lines (total route-km)","IS.RRS.TOTL.KM","","","","","","","","","","","","","","","","","","","","","","","","","","","","","","","","","","","","","","","","","","","","","","","","","","","","","","","","","","","",
"Liberia","LBR","Rail lines (total route-km)","IS.RRS.TOTL.KM","","","","","","","","","","","","","","","","","","","","","","","","","","","","","","","","","","","","","","","","","","","","","","","","","","","","","","","","","","","",
"Libya","LBY","Rail lines (total route-km)","IS.RRS.TOTL.KM","","","","","","","","","","","","","","","","","","","","","","","","","","","","","","","","","","","","","","","","","","","","","","","","","","","","","","","","","","","",
"St. Lucia","LCA","Rail lines (total route-km)","IS.RRS.TOTL.KM","","","","","","","","","","","","","","","","","","","","","","","","","","","","","","","","","","","","","","","","","","","","","","","","","","","","","","","","","","","",
"Latin America & Caribbean","LCN","Rail lines (total route-km)","IS.RRS.TOTL.KM","","","","","","","","","","","","","","","","","","","","","77161","77017","78157","77887","77518","77335","77508.5","76973.5","77029.5","82330.5","81925.1","81829.1","81930.1","81970.4","81384.2","81197.3","87086.02","86618","86618","86618","86558","86265","85970","85972","85634","113331","113237","113410","113523","102283","102283","102360","102369","102369","102460","102460","102460","","",
"Least developed countries: UN classification","LDC","Rail lines (total route-km)","IS.RRS.TOTL.KM","","","","","","","","","","","","","","","","","","","","","32795","32795","32795","32795","32976","32976","32880","32677.65","32674.65","32675","32845.585483871","32870.585483871","32870.585483871","32828.945483871","32830.945483871","32897.035483871","32818.035483871","32932.445483871","32932.445483871","33083.435483871","32104.935483871","32102.935483871","32079.935483871","32169.935483871","33069.935483871","32005.935483871","32005.935483871","32005.935483871","31595.935483871","31159.935483871","31159.935483871","31359.935483871","30964.935483871","30964.935483871","30964.935483871","30964.935483871","30964.935483871","","",
"Low income","LIC","Rail lines (total route-km)","IS.RRS.TOTL.KM","","","","","","","","","","","","","","","","","","","","","23676","23686","23748","23808","23815","24273","23743","23643","23701","23755","23755","23791","24417","23532","23534","23789","23710","23797","23797","23913.5","23176","23174","23173","23173","23173","22993","22334","22334","22753","22387","22392","22392","22392","22392","22392","22368","22368","","",
"Liechtenstein","LIE","Rail lines (total route-km)","IS.RRS.TOTL.KM","","","","","","","","","","","","","","","","","","","","","","","","","","","","","","","","","","","","","","","","","","","","","","","","","","","","","","","","","","","",
"Sri Lanka","LKA","Rail lines (total route-km)","IS.RRS.TOTL.KM","","","","","","","","","","","","","","","","","","","","","1453","1453","1453","1453","1453","1453","1453","1453","1453","1453","1453","1462","1491","1491","1491","1491","1491","1491","1491","1447","","","","","1449","","","","1463","","","","","","","","","","",
"Lower middle income","LMC","Rail lines (total route-km)","IS.RRS.TOTL.KM","","","","","","","","","","","","","","","","","","","","","140444.7","140513.7","140812.7","140865.7","141492.2","144272.5","144354.5","144736.15","144840.72","145012.07","144451.655483871","147584.155483871","146999.155483871","146401.515483871","147169.515483871","147744.605483871","143320.735483871","147051.145483871","144396.445483871","143751.275483871","147575.935483871","144221.935483871","147767.935483871","147980.935483871","148609.935483871","148134.935483871","148442.935483871","148248.935483871","147282.935483871","146920.935483871","147644.935483871","147859.935483871","147376.935483871","147388.035483871","150300.935483871","150582.165483871","150360.935483871","","",
"Low & middle income","LMY","Rail lines (total route-km)","IS.RRS.TOTL.KM","","","","","","","","","","","","","","","","","","","","","424455.9","424298.9","426328.9","427563.9","428056.4","431949.7","432187.2","432272.85","433149.42","437006.77","443418.018483871","444267.855483871","446021.455483871","444384.615483871","445482.415483871","444751.605483871","447661.597589134","452150.145483871","449286.445483871","449014.775483871","455468.935483871","451944.935483871","455169.935483871","453414.935483871","454308.935483871","482237.935483871","483241.935483871","486847.935483871","484525.935483871","487254.935483871","489686.935483871","491284.935483871","490612.935483871","490420.375483871","495180.935483871","495620.755483871","496141.085483871","","",
"Lesotho","LSO","Rail lines (total route-km)","IS.RRS.TOTL.KM","","","","","","","","","","","","","","","","","","","","","","","","","","","","","","","","","","","","","","","","","","","","","","","","","","","","","","","","","","","",
"Late-demographic dividend","LTE","Rail lines (total route-km)","IS.RRS.TOTL.KM","","","","","","","","","","","","","","","","","","","","","236650.9","236877.9","237288.9","238057.9","237649.9","239681.9","240032.9","239584.9","239935.9","240793.9","243772.9","241800.3","240769.9","245036","244288","244029","243690.542105263","243666.7","243225","244041","244599","241612","241040","241529","240942","268679","269852","268676","266423","271107","271702","272970","272542","271646.6","275051","274057.07","274674.06","","",
"Lithuania","LTU","Rail lines (total route-km)","IS.RRS.TOTL.KM","","","","","","","","","","","","","","","","","","","","","2008","2025","2040","2014","2014","2014","2014","1990","1990","2005","2007","2007","2002","2002","2002","2002","1997","1998","1905","1905","1905","","1775","1774","1782","1775","1771","1766","1765","1767","1767","1767","1767","1767","1767","1877","1911","","",
"Luxembourg","LUX","Rail lines (total route-km)","IS.RRS.TOTL.KM","","","","","","","","","","","","","","","","","","","","","","","","","","","","","","","","","","","","","","","","","","","","","","275","275","275","275","275","275","275","275","275","275","275","275","","",
"Latvia","LVA","Rail lines (total route-km)","IS.RRS.TOTL.KM","","","","","","","","","","","","","","","","","","","","","2384","2384","2384","2384","2384","2384","","","","2397","2397","2397","2406","2413","2413","2413","2417","2417","2417","2417","2331","2305","2269","2270","2270","2375","2374","2269","2263","1885","1897","1865","1860","1859","1859","1859.6","1859.6","","",
"Macao SAR, China","MAC","Rail lines (total route-km)","IS.RRS.TOTL.KM","","","","","","","","","","","","","","","","","","","","","","","","","","","","","","","","","","","","","","","","","","","","","","","","","","","","","","","","","","","",
"St. Martin (French part)","MAF","Rail lines (total route-km)","IS.RRS.TOTL.KM","","","","","","","","","","","","","","","","","","","","","","","","","","","","","","","","","","","","","","","","","","","","","","","","","","","","","","","","","","","",
"Morocco","MAR","Rail lines (total route-km)","IS.RRS.TOTL.KM","","","","","","","","","","","","","","","","","","","","","1756","1779","1779","1779","1779","1779","1779","1893","1893","1893","1893","1893","1907","1907","1907","1907","1907","1907","1907","1907","1907","1907","1907","1907","1907","1907","1907","1907","1989","2110","2109","2109","2109","2109","2109","2109","2109","","",
"Monaco","MCO","Rail lines (total route-km)","IS.RRS.TOTL.KM","","","","","","","","","","","","","","","","","","","","","","","","","","","","","","","","","","","","","","","","","","","","","","","","","","","","","","","","","","","",
"Moldova","MDA","Rail lines (total route-km)","IS.RRS.TOTL.KM","","","","","","","","","","","","","","","","","","","","","","","","","","","","","","","","","","","","","","","","","","","","","","1075","1154","1154","1156","1157","1157","1157","1157","1156.9","1156","1151","1151","","",
"Madagascar","MDG","Rail lines (total route-km)","IS.RRS.TOTL.KM","","","","","","","","","","","","","","","","","","","","","","","","","","","","","","","","","","","","","","","","","","","","","","","","","854","","","","","","","","","","",
"Maldives","MDV","Rail lines (total route-km)","IS.RRS.TOTL.KM","","","","","","","","","","","","","","","","","","","","","","","","","","","","","","","","","","","","","","","","","","","","","","","","","","","","","","","","","","","",
"Middle East & North Africa","MEA","Rail lines (total route-km)","IS.RRS.TOTL.KM","","","","","","","","","","","","","","","","","","","","","22598","22487","22723","23080","23378","25162","25396","25558","25910","25682","24991","24756","25044","23473","23700","24324","24344","24796","25147","25428","25982","26484","25406","25719","25927","27262","27097","27150","27405","27687","27715","30586","30586","30659.34","32046","30121.79","30201.05","","",
"Mexico","MEX","Rail lines (total route-km)","IS.RRS.TOTL.KM","","","","","","","","","","","","","","","","","","","","","14225","14124","15482","15480","15486","15488","15783","15783","15825","20351","20351","20324","20425","20445","20477","20688","26613","","","","","","","","","26662","26662","26662","26677","26704","26704","26704","26704","26704","26704","","","","",
"Marshall Islands","MHL","Rail lines (total route-km)","IS.RRS.TOTL.KM","","","","","","","","","","","","","","","","","","","","","","","","","","","","","","","","","","","","","","","","","","","","","","","","","","","","","","","","","","","",
"Middle income","MIC","Rail lines (total route-km)","IS.RRS.TOTL.KM","","","","","","","","","","","","","","","","","","","","","400779.9","400612.9","402580.9","403755.9","404241.4","407676.7","408444.2","408629.85","409448.42","413251.77","419663.018483871","420476.855483871","421604.455483871","420852.615483871","421948.415483871","420962.605483871","423951.597589134","428353.145483871","425489.445483871","425101.275483871","432292.935483871","428770.935483871","431996.935483871","430241.935483871","431135.935483871","459244.935483871","460907.935483871","464513.935483871","461772.935483871","464867.935483871","467294.935483871","468892.935483871","468220.935483871","468028.375483871","472788.935483871","473252.755483871","473773.085483871","","",
"North Macedonia","MKD","Rail lines (total route-km)","IS.RRS.TOTL.KM","","","","","","","","","","","","","","","","","","","","","696","696","696","696","696","696","696","696","696","696","696","699","699","699","699","699","696.842105263158","699","699","699","699","699","699","699","699","699","699","699","699","699","699","","","699","699","683","683","","",
"Mali","MLI","Rail lines (total route-km)","IS.RRS.TOTL.KM","","","","","","","","","","","","","","","","","","","","","642","642","642","642","642","642","642","642","642","642","642","642","642","","","","","729","","","734","734","733","","","","","","","","","","","","","","","","",
"Malta","MLT","Rail lines (total route-km)","IS.RRS.TOTL.KM","","","","","","","","","","","","","","","","","","","","","","","","","","","","","","","","","","","","","","","","","","","","","","","","","","","","","","","","","","","",
"Myanmar","MMR","Rail lines (total route-km)","IS.RRS.TOTL.KM","","","","","","","","","","","","","","","","","","","","","3185","3185","3185","3185","3185","3185","3185","3185","3185","3185","3335.93548387097","3335.93548387097","","","","","","","","","","","","","","","","","","","","","","","","","","","",
"Middle East & North Africa (excluding high income)","MNA","Rail lines (total route-km)","IS.RRS.TOTL.KM","","","","","","","","","","","","","","","","","","","","","21208","21099","21311","21379","21491","23275","23503","23673","24024","23796","23412","23177","23453","21882","22086","22696","22716","23168","23519","23800","24414","24418","23652","23653","23684","25343","25172","25172","25380","25662","25661","28095","28095","28094.34","29441","27432.44","27448.94","","",
"Montenegro","MNE","Rail lines (total route-km)","IS.RRS.TOTL.KM","","","","","","","","","","","","","","","","","","","","","","","","","","","","","","","","","","","","","","","","","","","","","","","","","","","","","","","","","","","",
"Mongolia","MNG","Rail lines (total route-km)","IS.RRS.TOTL.KM","","","","","","","","","","","","","","","","","","","","","1697","","","","","1748","1748","1920","1920","1920","1920","1920","1920","1920","","","","1810","","","1810","","1810","","","1810","1810","1810","1810","1814","1814","1818","1818","1810","1822.5","1810","1810","","",
"Northern Mariana Islands","MNP","Rail lines (total route-km)","IS.RRS.TOTL.KM","","","","","","","","","","","","","","","","","","","","","","","","","","","","","","","","","","","","","","","","","","","","","","","","","","","","","","","","","","","",
"Mozambique","MOZ","Rail lines (total route-km)","IS.RRS.TOTL.KM","","","","","","","","","","","","","","","","","","","","","","","","","","","","","","","","","","","","","","","","","","","","","","3070","3070","3070","3116","3116","3116","3116","3116","3116","3116","","","","",
"Mauritania","MRT","Rail lines (total route-km)","IS.RRS.TOTL.KM","","","","","","","","","","","","","","","","","","","","","","","","","","","","","","","","","","","","","","","","","","","","","","717","","","728","728","728","728","728","728","728","","","","",
"Mauritius","MUS","Rail lines (total route-km)","IS.RRS.TOTL.KM","","","","","","","","","","","","","","","","","","","","","","","","","","","","","","","","","","","","","","","","","","","","","","","","","","","","","","","","","","","",
"Malawi","MWI","Rail lines (total route-km)","IS.RRS.TOTL.KM","","","","","","","","","","","","","","","","","","","","","789","789","789","789","789","789","789","789","789","789","789","789","789","789","789","789","710","710","710","710","710","710","710","710","710","","","","797","","","","","","","","","","",
"Malaysia","MYS","Rail lines (total route-km)","IS.RRS.TOTL.KM","","","","","","","","","","","","","","","","","","","","","1639","1639","1639","1668","1668","1668","1668","1668","1668","1668","1668","1668","1668","1668","1668","1668","1668","1648","1648","","1622","1636","1636","1667","1667","1657","1667","1667","1665","1665","1665","1987","2250","2250","2250","","","","",
"North America","NAC","Rail lines (total route-km)","IS.RRS.TOTL.KM","","","","","","","","","","","","","","","","","","","","","318348.935483871","314055.387096774","309157","305022.741935484","296855.064516129","286848.225806452","276612.838709677","263966.064516129","256441.870967742","251088.64516129","243866.064516129","238814.451612903","233056.387096774","228812.838709677","227049.935483871","225327.35483871","227870.517296862","222128.32689211","219619.47020934","217783.721417069","217493","215186.297906602","218374.703703704","216766.00805153","216766.00805153","216766.00805153","284668","283748","284274","284550","286858","280220","280220","280220","280349","280349","280349","","",
"Namibia","NAM","Rail lines (total route-km)","IS.RRS.TOTL.KM","","","","","","","","","","","","","","","","","","","","","","","","","","","","","","","2382","2382","2382","2382","2382","2382","","","","","","","","","","","","","","","","","","","","","","","",
"New Caledonia","NCL","Rail lines (total route-km)","IS.RRS.TOTL.KM","","","","","","","","","","","","","","","","","","","","","","","","","","","","","","","","","","","","","","","","","","","","","","","","","","","","","","","","","","","",
"Niger","NER","Rail lines (total route-km)","IS.RRS.TOTL.KM","","","","","","","","","","","","","","","","","","","","","","","","","","","","","","","","","","","","","","","","","","","","","","","","","","","","","","","","","","","",
"Nigeria","NGA","Rail lines (total route-km)","IS.RRS.TOTL.KM","","","","","","","","","","","","","","","","","","","","","3512","3512","3512","3512","3512","3512","3512","3512","3512","3512","","3557","3054","3054","3054","3557","","3505","","","3557","","3505","3505","3505","3528","3528","3528","","","","","","","","","","","",
"Nicaragua","NIC","Rail lines (total route-km)","IS.RRS.TOTL.KM","","","","","","","","","","","","","","","","","","","","","","","","","","","","","","","","","","","","","","","","","","","","","","","","","","","","","","","","","","","",
"Netherlands","NLD","Rail lines (total route-km)","IS.RRS.TOTL.KM","","","","","","","","","","","","","","","","","","","","","2880","2880","2850","2852","2852","2824","2817","2809","2828","2828","2798","2780","2753","2757","2757","2813","2813","2805","2808","2808","2802","2809","2806","2811","2811","2813","2776","2776","2896","2886","3016","3016","3016","3016","3016","","","","",
"Norway","NOR","Rail lines (total route-km)","IS.RRS.TOTL.KM","","","","","","","","","","","","","","","","","","","","","","","","","","","","","","","","","","","","","","","","","","","","","","4087","4043","4087","4114","4114","4114","4154","4154","4154","4219","4209","4209","","",
"Nepal","NPL","Rail lines (total route-km)","IS.RRS.TOTL.KM","","","","","","","","","","","","","","","","","","","","","","","","","","","","","","","","","","","","","","","","","","","","","","","","","","","","","","","","","","","",
"Nauru","NRU","Rail lines (total route-km)","IS.RRS.TOTL.KM","","","","","","","","","","","","","","","","","","","","","","","","","","","","","","","","","","","","","","","","","","","","","","","","","","","","","","","","","","","",
"New Zealand","NZL","Rail lines (total route-km)","IS.RRS.TOTL.KM","","","","","","","","","","","","","","","","","","","","","4478","4433","4418","4332","4273","4273","4219","4165","4257","4029","4029","3913","3913","3913","3913","3913","3913","3913","3913","3913","","","","","","","","","","","","","","","","","","","",
"OECD members","OED","Rail lines (total route-km)","IS.RRS.TOTL.KM","","","","","","","","","","","","","","","","","","","","","555170.435483871","550898.387096774","549048.1","544728.941935484","535269.064516129","523322.925806452","511935.938709677","497395.664516129","489056.470967742","486828.54516129","518851.364516129","513628.851612903","503551.887096774","514093.838709677","510569.335483871","509183.35483871","515050.517296862","509326.32689211","506275.47020934","505549.721417069","505005","495770.297906602","499014.703703704","497735.00805153","495071.00805153","497080.00805153","568788","564125","565750","569208","588234","567423","562227","562459","561296","557863.83","557102.52","","",
"Oman","OMN","Rail lines (total route-km)","IS.RRS.TOTL.KM","","","","","","","","","","","","","","","","","","","","","","","","","","","","","","","","","","","","","","","","","","","","","","","","","","","","","","","","","","","",
"Other small states","OSS","Rail lines (total route-km)","IS.RRS.TOTL.KM","","","","","","","","","","","","","","","","","","","","","5685","5702","5702","5702","5702","5711","6018","6018","6020","6061","6060","6060","6052","6058","6058","6055","6185","6165","6165","6133","6133","6049","6049","6041","6041","6120","5962","6123","5977","6090","5948","5953","5953","5953","5953","6177","6390","","",
"Pakistan","PAK","Rail lines (total route-km)","IS.RRS.TOTL.KM","","","","","","","","","","","","","","","","","","","","","8817","8817","8832","8832","8832","8784","8784","8774","8774.87","8774.87","8774.87","8774.87","8774.87","8774.87","8774.87","8774.87","7791","7791","7791","7791","7791","7791","7791","7791","7791","7791","7791","7791","7791","7791","7791","7791","7791","7791","9155","9255","","","",
"Panama","PAN","Rail lines (total route-km)","IS.RRS.TOTL.KM","","","","","","","","","","","","","","","","","","","","","","","","","","","","","","","","","","","","","","","","","","","","","","","","","","","","","","","","","","","",
"Peru","PER","Rail lines (total route-km)","IS.RRS.TOTL.KM","","","","","","","","","","","","","","","","","","","","","","1888","1888","1888","1888","1720","1672.5","1672.5","1672.5","1672.5","1611.1","1611.1","1611.1","","1609.9","1609","1691.02","1691","","","","","","","","2177","2177","","2020","2020","2020","1929","1929","1929","2020","","","","",
"Philippines","PHL","Rail lines (total route-km)","IS.RRS.TOTL.KM","","","","","","","","","","","","","","","","","","","","","","","","","","","","","","","479","479","479","479","479","456","456","468","491","491","491","491","491","491","491","","","","479","","","","","","","","","","",
"Palau","PLW","Rail lines (total route-km)","IS.RRS.TOTL.KM","","","","","","","","","","","","","","","","","","","","","","","","","","","","","","","","","","","","","","","","","","","","","","","","","","","","","","","","","","","",
"Papua New Guinea","PNG","Rail lines (total route-km)","IS.RRS.TOTL.KM","","","","","","","","","","","","","","","","","","","","","","","","","","","","","","","","","","","","","","","","","","","","","","","","","","","","","","","","","","","",
"Poland","POL","Rail lines (total route-km)","IS.RRS.TOTL.KM","","","","","","","","","","","","","","","","","","","","","27185","27172","27158","27176","27070","27092","27064","26637","26545","26644","26228","25848","23399","24926","24313","23986","22285","22285","","22891","22560","20134","20223","19900","19576","19599","19429","19419","19627","19764","19702","19725","19617","18959","18942","18510","18429","","",
"Pre-demographic dividend","PRE","Rail lines (total route-km)","IS.RRS.TOTL.KM","","","","","","","","","","","","","","","","","","","","","34927","34929","34929","34901","35046.5","35046.8","35100.8","34959.8","34956.5","34925.5","34499.5","34411","33911","33899","34682","35142","31506","35098","31593","31709.5","34472","30923","34532","34532","35201","33354","33362","33354","33101","32658","32658","32971","32576","32575.5","32575","32575","32575","","",
"Puerto Rico","PRI","Rail lines (total route-km)","IS.RRS.TOTL.KM","","","","","","","","","","","","","","","","","","","","","","","","","","","","","","","","","","","","","","","","","","","","","","","","","","","","","","","","","","","",
"Korea, Dem. People’s Rep.","PRK","Rail lines (total route-km)","IS.RRS.TOTL.KM","","","","","","","","","","","","","","","","","","","","","","","","","","","","","","","","","","","","","","","","","","","","","","","","","","","","","","","","","","","",
"Portugal","PRT","Rail lines (total route-km)","IS.RRS.TOTL.KM","","","","","","","","","","","","","","","","","","","","","3609","3616","3613","3613","3613","3603","3603","3608","3608","3064","3064","3116","3062","3062","2699","2850","2850","2856","2856","2813","2814","2814","2881","2818","2849","2839","2839","2838","2842","2842","2843","2793","2541","2544.35","2598.96","2545.96","2545.96","","",
"Paraguay","PRY","Rail lines (total route-km)","IS.RRS.TOTL.KM","","","","","","","","","","","","","","","","","","","","","","","","","","","","","","","","","","","","","","","","","","","","","","","","","","","","","","","","","","","",
"West Bank and Gaza","PSE","Rail lines (total route-km)","IS.RRS.TOTL.KM","","","","","","","","","","","","","","","","","","","","","","","","","","","","","","","","","","","","","","","","","","","","","","","","","","","","","","","","","","","",
"Pacific island small states","PSS","Rail lines (total route-km)","IS.RRS.TOTL.KM","","","","","","","","","","","","","","","","","","","","","","","","","","","","","","","","","","","","","","","","","","","","","","","","","","","","","","","","","","","",
"Post-demographic dividend","PST","Rail lines (total route-km)","IS.RRS.TOTL.KM","","","","","","","","","","","","","","","","","","","","","532893.435483871","528645.387096774","525485.1","521374.941935484","512108.064516129","500356.925806452","488495.938709677","474676.664516129","466529.470967742","460013.54516129","493413.364516129","489588.851612903","481477.887096774","486790.838709677","483559.335483871","481644.35483871","483265.177296862","478063.32689211","474887.47020934","473497.721417069","473224","466648.297906602","469869.703703704","468812.00805153","466476.00805153","468149.00805153","540279","535382","537159","541261","559555","538238","533259","533970","532151","528799.79","527831.56","","",
"French Polynesia","PYF","Rail lines (total route-km)","IS.RRS.TOTL.KM","","","","","","","","","","","","","","","","","","","","","","","","","","","","","","","","","","","","","","","","","","","","","","","","","","","","","","","","","","","",
"Qatar","QAT","Rail lines (total route-km)","IS.RRS.TOTL.KM","","","","","","","","","","","","","","","","","","","","","","","","","","","","","","","","","","","","","","","","","","","","","","","","","","","","","","","","","","","",
"Romania","ROU","Rail lines (total route-km)","IS.RRS.TOTL.KM","","","","","","","","","","","","","","","","","","","","","11110","11093","11125","11108","11169","11192","11221","11275","11298","11343","11348","11365","11430","11380","11374","11376","11376","11380","11364","11364","11364","11364","11364","11077","10844","10781","10781","10646","10784","10776","","10777","10777","10768","10770","10770","10766","","",
"Russian Federation","RUS","Rail lines (total route-km)","IS.RRS.TOTL.KM","","","","","","","","","","","","","","","","","","","","","82600","","","","","","","","","","85969","85969","87500","87543","87543","87543","87543","86660","86151","86000","86075","85835","85542","85500","85286","85542","","84158","84158","85194","85292","85167","84249","85266","85266","85262","85375","","",
"Rwanda","RWA","Rail lines (total route-km)","IS.RRS.TOTL.KM","","","","","","","","","","","","","","","","","","","","","","","","","","","","","","","","","","","","","","","","","","","","","","","","","","","","","","","","","","","",
"South Asia","SAS","Rail lines (total route-km)","IS.RRS.TOTL.KM","","","","","","","","","","","","","","","","","","","","","74384","74374","74544","74619","75027","74965","74868","74948.65","74958.52","75184.87","75340.52","75440.52","75497.52","75433.88","75432.88","75631.97","74713.1","74740.51","75521.51","74765.34","74765","75034","75143","75215","75295","75560","75427","75422","75416","75362","76063","76549","76549","76549","77897","79583","79583","","",
"Saudi Arabia","SAU","Rail lines (total route-km)","IS.RRS.TOTL.KM","","","","","","","","","","","","","","","","","","","","","563","561","561","842","1028","1028","1028","1016","1017","1017","1005","1005","1018","1018","1018","1018","1018","1018","1018","1018","958","1390","1078","1390","1390","1020","1020","","","1020","1020","1412","1412","1412","1412","","","","",
"Sudan","SDN","Rail lines (total route-km)","IS.RRS.TOTL.KM","","","","","","","","","","","","","","","","","","","","","4786","4786","4786","4786","4786","4786","4764","","","","4784","4784","","","","4595","","4595","","","4599","","4578","","5478","5478","5478","5478","4578","4508","4508","4708","4313","4313","4313","","","","",
"Senegal","SEN","Rail lines (total route-km)","IS.RRS.TOTL.KM","","","","","","","","","","","","","","","","","","","","","1034","1034","1034","1034","1034","1034","1034","904","906","906","906","906","906","904","906","906","","906","","","906","","","","","","","","","","","","","","","","","","",
"Singapore","SGP","Rail lines (total route-km)","IS.RRS.TOTL.KM","","","","","","","","","","","","","","","","","","","","","","","","","","","","","","","","","","","","","","","","","","","","","","","","","","","","","","","","","","","",
"Solomon Islands","SLB","Rail lines (total route-km)","IS.RRS.TOTL.KM","","","","","","","","","","","","","","","","","","","","","","","","","","","","","","","","","","","","","","","","","","","","","","","","","","","","","","","","","","","",
"Sierra Leone","SLE","Rail lines (total route-km)","IS.RRS.TOTL.KM","","","","","","","","","","","","","","","","","","","","","","","","","","","","","","","","","","","","","","","","","","","","","","","","","","","","","","","","","","","",
"El Salvador","SLV","Rail lines (total route-km)","IS.RRS.TOTL.KM","","","","","","","","","","","","","","","","","","","","","","","","","","","","","","","","","","","","","","","","","","","","","","","","","","","","","","","","","","","",
"San Marino","SMR","Rail lines (total route-km)","IS.RRS.TOTL.KM","","","","","","","","","","","","","","","","","","","","","","","","","","","","","","","","","","","","","","","","","","","","","","","","","","","","","","","","","","","",
"Somalia","SOM","Rail lines (total route-km)","IS.RRS.TOTL.KM","","","","","","","","","","","","","","","","","","","","","","","","","","","","","","","","","","","","","","","","","","","","","","","","","","","","","","","","","","","",
"Serbia","SRB","Rail lines (total route-km)","IS.RRS.TOTL.KM","","","","","","","","","","","","","","","","","","","","","9465","9393","9389","9409","9279","9283","9246","9270","9349","9567","9490","4300","3960","3987","4281","4031","4031","4031","4059","4059","4058","3900","3900","3809","3809","4057","4067","4057","4058","4058","4058","4058","4048","3809","3809","3809","","","",
"Sub-Saharan Africa (excluding high income)","SSA","Rail lines (total route-km)","IS.RRS.TOTL.KM","","","","","","","","","","","","","","","","","","","","","65661","65663","65648","65703","65904.5","66005.8","65700.8","65376.8","65275.5","63015.5","62964.563","62894","62394","62980","64151","62309","58804","62266","58761","58758.5","64108","60476","64085","61493","62368","60400","60408","64840","64253","61381","61381","60030","59635","59634.5","59634","59634","59634","","",
"South Sudan","SSD","Rail lines (total route-km)","IS.RRS.TOTL.KM","","","","","","","","","","","","","","","","","","","","","","","","","","","","","","","","","","","","","","","","","","","","","","","","","","","","","","","","","","","",
"Sub-Saharan Africa","SSF","Rail lines (total route-km)","IS.RRS.TOTL.KM","","","","","","","","","","","","","","","","","","","","","65661","65663","65648","65703","65904.5","66005.8","65700.8","65376.8","65275.5","63015.5","62964.563","62894","62394","62980","64151","62309","58804","62266","58761","58758.5","64108","60476","64085","61493","62368","60400","60408","64840","64253","61381","61381","60030","59635","59634.5","59634","59634","59634","","",
"Small states","SST","Rail lines (total route-km)","IS.RRS.TOTL.KM","","","","","","","","","","","","","","","","","","","","","5685","5702","5702","5702","5702","5711","6018","6018","6020","6061","6060","6060","6052","6058","6058","6055","6185","6165","6165","6133","6133","6049","6049","6041","6041","6120","5962","6123","5977","6090","5948","5953","5953","5953","5953","6177","6390","","",
"Sao Tome and Principe","STP","Rail lines (total route-km)","IS.RRS.TOTL.KM","","","","","","","","","","","","","","","","","","","","","","","","","","","","","","","","","","","","","","","","","","","","","","","","","","","","","","","","","","","",
"Suriname","SUR","Rail lines (total route-km)","IS.RRS.TOTL.KM","","","","","","","","","","","","","","","","","","","","","","","","","","","","","","","","","","","","","","","","","","","","","","","","","","","","","","","","","","","",
"Slovak Republic","SVK","Rail lines (total route-km)","IS.RRS.TOTL.KM","","","","","","","","","","","","","","","","","","","","","","","","","","","","","","","","","","3661","3665","3668","3673","","3667","3662","3662","3662","3657","3657","3660","3659","3658","3629","3592","3623","3587","3624","3593","3631.31","3627.1","3626.37","3626.3","","",
"Slovenia","SVN","Rail lines (total route-km)","IS.RRS.TOTL.KM","","","","","","","","","","","","","","","","","","","","","1058","1058","1058","1058","1058","1058","1100","1100","1100","1196","1196","1201","1201","1201","1201","1201","1201","1201","1201","1201","1202","1229","1229","1229","1229","1228","1228","1228","1228","1228","1228","1209","1209","1209.09","1209.05","1209.04","1209.04","","",
"Sweden","SWE","Rail lines (total route-km)","IS.RRS.TOTL.KM","","","","","","","","","","","","","","","","","","","","","11377","11340","11760","11760","11637","11266","11236","11194","11076","11022","10081","10970","9846","10361","9661","9782","10158","10228","10216","10221","10068","9865","9857","9882","9895","9867","9957","9821","9830","9946","9957","10014","9944","9765","9689","9716","9684","","",
"Eswatini","SWZ","Rail lines (total route-km)","IS.RRS.TOTL.KM","","","","","","","","","","","","","","","","","","","","","","","","","","","","","","","","","","","","","","","","","","","","","","","","","300","300","300","300","300","300","300","","","","",
"Sint Maarten (Dutch part)","SXM","Rail lines (total route-km)","IS.RRS.TOTL.KM","","","","","","","","","","","","","","","","","","","","","","","","","","","","","","","","","","","","","","","","","","","","","","","","","","","","","","","","","","","",
"Seychelles","SYC","Rail lines (total route-km)","IS.RRS.TOTL.KM","","","","","","","","","","","","","","","","","","","","","","","","","","","","","","","","","","","","","","","","","","","","","","","","","","","","","","","","","","","",
"Syrian Arab Republic","SYR","Rail lines (total route-km)","IS.RRS.TOTL.KM","","","","","","","","","","","","","","","","","","","","","1545","1555","1617","1677","1684","2142","2247","2277","2333","2387","2387","2398","2408","1525","1525","1525","1525","1525","1525","1525","1771","1771","","","","2702","2043","2043","2139","","2139","2139","2139","2139","2139","","","","",
"Turks and Caicos Islands","TCA","Rail lines (total route-km)","IS.RRS.TOTL.KM","","","","","","","","","","","","","","","","","","","","","","","","","","","","","","","","","","","","","","","","","","","","","","","","","","","","","","","","","","","",
"Chad","TCD","Rail lines (total route-km)","IS.RRS.TOTL.KM","","","","","","","","","","","","","","","","","","","","","","","","","","","","","","","","","","","","","","","","","","","","","","","","","","","","","","","","","","","",
"East Asia & Pacific (IDA & IBRD countries)","TEA","Rail lines (total route-km)","IS.RRS.TOTL.KM","","","","","","","","","","","","","","","","","","","","","70564.7","70806.7","71215.7","72257.7","72257.7","72823.7","73184.7","73480.7","73726.7","74056.7","74531.635483871","73103.635483871","73262.635483871","73498.635483871","73737.635483871","74509.635483871","75893.635483871","77624.635483871","77668.935483871","78007.935483871","78774.935483871","79152.935483871","79318.935483871","80372.935483871","80889.935483871","82182.935483871","83404.935483871","83629.935483871","81172.935483871","85534.935483871","86282.935483871","86677.935483871","87188.935483871","87188.935483871","87879.935483871","88933.935483871","87974.935483871","","",
"Europe & Central Asia (IDA & IBRD countries)","TEC","Rail lines (total route-km)","IS.RRS.TOTL.KM","","","","","","","","","","","","","","","","","","","","","190059.2","189867.2","189850.2","189886.2","189759.2","191455.2","191338.2","190998.2","191140.2","191730.2","197867.2","200548.6","199548.2","200213","199671","198658","197192.502105263","196722","196187","196660","196114","193145","193340","192727","191794","192494","192398","191169","191774","192887","193808","193556","192660","191811.6","192960","192236.38","193619.21","","",
"Togo","TGO","Rail lines (total route-km)","IS.RRS.TOTL.KM","","","","","","","","","","","","","","","","","","","","","","","","","","","","","","","","","","","","","","","","","","","","","","","","","","","","","","","","","","","",
"Thailand","THA","Rail lines (total route-km)","IS.RRS.TOTL.KM","","","","","","","","","","","","","","","","","","","","","3735","3735","3735","3735","3735","3735","3728","3728","3818","3728","3861","3861","3870","3870","3870","4041","4041","4041","4044","4044","4103","4044","4044","4044","4044","","","","4429","4429","4429","5327","5327","5327","5327","","","","",
"Tajikistan","TJK","Rail lines (total route-km)","IS.RRS.TOTL.KM","","","","","","","","","","","","","","","","","","","","","","","","","","","","","","","","","","","","","","","","","","","","","","616","616","","616","616","621","621","621","621","621","597","597","","",
"Turkmenistan","TKM","Rail lines (total route-km)","IS.RRS.TOTL.KM","","","","","","","","","","","","","","","","","","","","","","","","","","","","","","","","","","","","","","","","","","","","","","2529","2529","3069","3181","3095","3115","3115","3115","3115","3115","3115","3115","","",
"Latin America & the Caribbean (IDA & IBRD countries)","TLA","Rail lines (total route-km)","IS.RRS.TOTL.KM","","","","","","","","","","","","","","","","","","","","","72779","72635","73775","73505","73292","73109","73347.5","72812.5","72868.5","77523.5","77118.1","77022.1","77123.1","77163.4","76577.2","76390.3","82419.02","81951","81951","81951","81891","81598","81303","81305","80967","108664","108570","108743","108447","97207","97207","97284","97293","97293","97384","97384","97384","","",
"Timor-Leste","TLS","Rail lines (total route-km)","IS.RRS.TOTL.KM","","","","","","","","","","","","","","","","","","","","","","","","","","","","","","","","","","","","","","","","","","","","","","","","","","","","","","","","","","","",
"Middle East & North Africa (IDA & IBRD countries)","TMN","Rail lines (total route-km)","IS.RRS.TOTL.KM","","","","","","","","","","","","","","","","","","","","","21208","21099","21311","21379","21491","23275","23503","23673","24024","23796","23412","23177","23453","21882","22086","22696","22716","23168","23519","23800","24414","24418","23652","23653","23684","25343","25172","25172","25380","25662","25661","28095","28095","28094.34","29441","27432.44","27448.94","","",
"Tonga","TON","Rail lines (total route-km)","IS.RRS.TOTL.KM","","","","","","","","","","","","","","","","","","","","","","","","","","","","","","","","","","","","","","","","","","","","","","","","","","","","","","","","","","","",
"South Asia (IDA & IBRD)","TSA","Rail lines (total route-km)","IS.RRS.TOTL.KM","","","","","","","","","","","","","","","","","","","","","74384","74374","74544","74619","75027","74965","74868","74948.65","74958.52","75184.87","75340.52","75440.52","75497.52","75433.88","75432.88","75631.97","74713.1","74740.51","75521.51","74765.34","74765","75034","75143","75215","75295","75560","75427","75422","75416","75362","76063","76549","76549","76549","77897","79583","79583","","",
"Sub-Saharan Africa (IDA & IBRD countries)","TSS","Rail lines (total route-km)","IS.RRS.TOTL.KM","","","","","","","","","","","","","","","","","","","","","65661","65663","65648","65703","65904.5","66005.8","65700.8","65376.8","65275.5","63015.5","62964.563","62894","62394","62980","64151","62309","58804","62266","58761","58758.5","64108","60476","64085","61493","62368","60400","60408","64840","64253","61381","61381","60030","59635","59634.5","59634","59634","59634","","",
"Trinidad and Tobago","TTO","Rail lines (total route-km)","IS.RRS.TOTL.KM","","","","","","","","","","","","","","","","","","","","","","","","","","","","","","","","","","","","","","","","","","","","","","","","","","","","","","","","","","","",
"Tunisia","TUN","Rail lines (total route-km)","IS.RRS.TOTL.KM","","","","","","","","","","","","","","","","","","","","","2047","2051","2180","2186","2211","2211","2227","2253","2253","2270","2270","2270","2278","1941","1941","1860","1820","1820","1860","2000","2260","2163","1909","1909","1909","1909","2218","2218","2218","1991","","2165","2165","2165","2244","2244","2244","","",
"Turkey","TUR","Rail lines (total route-km)","IS.RRS.TOTL.KM","","","","","","","","","","","","","","","","","","","","","8193","8193","8156","8169","8169","8169","8170","8169","8164","8430","8429","8429","8430","8430","8452","8549","8607","8607","8607","8682","8671","8671","8671","8697","8697","8697","8697","8697","8699","8686","9594","9642","9642","9718","10087","10131","10131","","",
"Tuvalu","TUV","Rail lines (total route-km)","IS.RRS.TOTL.KM","","","","","","","","","","","","","","","","","","","","","","","","","","","","","","","","","","","","","","","","","","","","","","","","","","","","","","","","","","","",
"Tanzania","TZA","Rail lines (total route-km)","IS.RRS.TOTL.KM","","","","","","","","","","","","","","","","","","","","","4444","4444","4444","4444","4444","4444","4444","4444","4444","4444","4444","4460","4460","4460","4460","4465","","","","4581.5","4582","4582","4582","4582","4582","","","","","","","","","","","","","","",
"Uganda","UGA","Rail lines (total route-km)","IS.RRS.TOTL.KM","","","","","","","","","","","","","","","","","","","","","1232","1232","1232","1232","1232","1232","1232","1232","1232","1232","1232","1241","1241","1241","1241","1250","","","","","261","259","259","","259","","","","","","","","","","","","","","",
"Ukraine","UKR","Rail lines (total route-km)","IS.RRS.TOTL.KM","","","","","","","","","","","","","","","","","","","","","22600","22650","22650","22650","22698","22698","22700","22700","22800","22759","23316","22795","22631","22625","22564","22607","22602","22546","22510","22473","22302","22219","22079","","22011","22001","22001","21891","21676","21678","21705","21665","21643","21625.9","21625.9","20975.23","21603","","",
"Upper middle income","UMC","Rail lines (total route-km)","IS.RRS.TOTL.KM","","","","","","","","","","","","","","","","","","","","","260335.2","260099.2","261768.2","262890.2","262749.2","263404.2","264089.7","263893.7","264607.7","268239.7","275211.363","272892.7","274605.3","274451.1","274778.9","273218","280630.862105263","281302","281093","281350","284717","284549","284229","282261","282526","311110","312465","316265","314490","317947","319650","321033","320844","320640.34","322488","322670.59","323412.15","","",
"Uruguay","URY","Rail lines (total route-km)","IS.RRS.TOTL.KM","","","","","","","","","","","","","","","","","","","","","3005","3050","3010","3001","3002","2991","2991","2991","2991","2991","2991","2991","2991","2993.3","","","3003","3003","3003","3003","3003","3003","3003","3003","3003","","","","2993","","","","","","","","","","",
"United States","USA","Rail lines (total route-km)","IS.RRS.TOTL.KM","","","","","","","","","","","","","","","","","","","","","265841.935483871","261548.387096774","256650","251417.741935484","245158.064516129","235103.225806452","225904.838709677","213258.064516129","205733.870967742","200380.64516129","193158.064516129","188106.451612903","182348.387096774","178104.838709677","176341.935483871","174619.35483871","170199.517296862","164457.32689211","161948.47020934","160112.721417069","159822","157515.297906602","160703.703703704","159095.00805153","","","227187","226706","227058","226205","228513","228218","228218","228218","228218","","","","",
"Uzbekistan","UZB","Rail lines (total route-km)","IS.RRS.TOTL.KM","","","","","","","","","","","","","","","","","","","","","","","","","","","","","","","","","","","","","","3641","3641","3641","3645","","4126","","4126","4014","4014","4005","4230","4230","4227","4258","4192","4192","4192","4238","4304","","",
"St. Vincent and the Grenadines","VCT","Rail lines (total route-km)","IS.RRS.TOTL.KM","","","","","","","","","","","","","","","","","","","","","","","","","","","","","","","","","","","","","","","","","","","","","","","","","","","","","","","","","","","",
"Venezuela, RB","VEN","Rail lines (total route-km)","IS.RRS.TOTL.KM","","","","","","","","","","","","","","","","","","","","","","","","","","","","","","","","","","","","","396","","","","336","","","","","","336","336","336","","","","","","","","","","",
"British Virgin Islands","VGB","Rail lines (total route-km)","IS.RRS.TOTL.KM","","","","","","","","","","","","","","","","","","","","","","","","","","","","","","","","","","","","","","","","","","","","","","","","","","","","","","","","","","","",
"Virgin Islands (U.S.)","VIR","Rail lines (total route-km)","IS.RRS.TOTL.KM","","","","","","","","","","","","","","","","","","","","","","","","","","","","","","","","","","","","","","","","","","","","","","","","","","","","","","","","","","","",
"Vietnam","VNM","Rail lines (total route-km)","IS.RRS.TOTL.KM","","","","","","","","","","","","","","","","","","","","","","","","","","","2831.7","2831.7","2831.7","2831.7","2831.7","2831.7","2831.7","2831.7","2831.7","2831.7","2831.7","2831.7","2832","2832","","","2545","2652","2600","2671","","","","2347","2347","2347","2347","2347","3186","3186","2347","","",
"Vanuatu","VUT","Rail lines (total route-km)","IS.RRS.TOTL.KM","","","","","","","","","","","","","","","","","","","","","","","","","","","","","","","","","","","","","","","","","","","","","","","","","","","","","","","","","","","",
"World","WLD","Rail lines (total route-km)","IS.RRS.TOTL.KM","","","","","","","","","","","","","","","","","","","","","1000507.33548387","996153.287096774","994910","992092.841935484","983302.464516129","975342.625806452","963878.138709677","949388.514516129","941808.890967742","938664.31516129","977074.383","973210.707096774","964581.342580645","973468.754193548","970988.050967742","968160.260322581","971143.774885996","970154.472375981","964146.915693211","963074.49690094","968935.935483871","956609.233390473","962635.639187575","959885.943535401","958123.943535401","989329.943535401","1062032.93548387","1060970.93548387","1060664.93548387","1056107.93548387","1076589.93548387","1057710.93548387","1051859.93548387","1051798.67548387","1055263.93548387","1051968.08548387","1051767.60548387","","",
"Samoa","WSM","Rail lines (total route-km)","IS.RRS.TOTL.KM","","","","","","","","","","","","","","","","","","","","","","","","","","","","","","","","","","","","","","","","","","","","","","","","","","","","","","","","","","","",
"Kosovo","XKX","Rail lines (total route-km)","IS.RRS.TOTL.KM","","","","","","","","","","","","","","","","","","","","","","","","","","","","","","","","","","","","","","","","","","","","","","","","","","","","","","","","","","","",
"Yemen, Rep.","YEM","Rail lines (total route-km)","IS.RRS.TOTL.KM","","","","","","","","","","","","","","","","","","","","","","","","","","","","","","","","","","","","","","","","","","","","","","","","","","","","","","","","","","","",
"South Africa","ZAF","Rail lines (total route-km)","IS.RRS.TOTL.KM","","","","","","","","","","","","","","","","","","","","","23596","23596","23581","23664","23720","23821","23790","23607","23507","21244","21617.063","21635","21635","22233","22621","20319","20319","20189","20189","20070","22657","22657","22657","20041","20247","20047","20047","24487","24487","22051","22051","20500","20500","20500","20500","","","","",
"Zambia","ZMB","Rail lines (total route-km)","IS.RRS.TOTL.KM","","","","","","","","","","","","","","","","","","","","","","1115","1115","1115","1278","1278","1278","1278","1273","1273","1273","1273","1273","1273","1273","1273","1273","1273","1273","1273","1273","1273","1273","1273","1273","","","","","","","","","","","","","","",
"Zimbabwe","ZWE","Rail lines (total route-km)","IS.RRS.TOTL.KM","","","","","","","","","","","","","","","","","","","","","3394","3394","3394","3394","3394","3394","2759","2759","2759","2759","2759","2759","2759","2759","2759","2759","2759","2759","","","","","","","","","","","2583","","","","","","","","","","",
